Name,Email,phone,Address,City,Project Name,state,Country,Site_visit,Date
Raju Gupta,Va@domainname.com,9872737440,sector 18,Gourgoan,Revanta,Haryana,India,yes,20-02-2017
Varun jain,amit@domain.com,9872737441,sector35,Noidia,Kirishan,UP,India,No,20-02-2017
Raju Gupta,Va@domainname.com,9872737442,sector 18,Gourgoan,Revanta,Haryana,India,yes,20-02-2017
Varun jain,amit@domain.com,9872737443,sector35,Noidia,Kirishan,UP,India,No,20-02-2017
Raju Gupta,Va@domainname.com,9872737444,sector 18,Gourgoan,Revanta,Haryana,India,yes,20-02-2017
Varun jain,amit@domain.com,9872737445,sector35,Noidia,Kirishan,UP,India,No,20-02-2017
Raju Gupta,Va@domainname.com,9872737446,sector 18,Gourgoan,Revanta,Haryana,India,yes,20-02-2017
Varun jain,amit@domain.com,9872737447,sector35,Noidia,Kirishan,UP,India,No,20-02-2017
Raju Gupta,Va@domainname.com,9872737448,sector 18,Gourgoan,Revanta,Haryana,India,yes,20-02-2017
Varun jain,amit@domain.com,9872737449,sector35,Noidia,Kirishan,UP,India,No,20-02-2017
Raju Gupta,Va@domainname.com,9872737450,sector 18,Gourgoan,Revanta,Haryana,India,yes,20-02-2017
Varun jain,amit@domain.com,9872737451,sector35,Noidia,Kirishan,UP,India,No,20-02-2017
Raju Gupta,Va@domainname.com,9872737452,sector 18,Gourgoan,Revanta,Haryana,India,yes,20-02-2017
Varun jain,amit@domain.com,9872737453,sector35,Noidia,Kirishan,UP,India,No,20-02-2017
Raju Gupta,Va@domainname.com,9872737454,sector 18,Gourgoan,Revanta,Haryana,India,yes,20-02-2017
Varun jain,amit@domain.com,9872737455,sector35,Noidia,Kirishan,UP,India,No,20-02-2017
Raju Gupta,Va@domainname.com,9872737456,sector 18,Gourgoan,Revanta,Haryana,India,yes,20-02-2017
Varun jain,amit@domain.com,9872737457,sector35,Noidia,Kirishan,UP,India,No,20-02-2017
